{"airspeed_m_s":0.0,"altitude_agl_m":60.888004302978516,"heading_deg":0.0,"latitude_deg":32.9905933,"longitude_deg":-117.1280797,"pitch_deg":0.0,"roll_deg":0.0,"yaw_deg":0.0}