{"airspeed_m_s":0.0,"altitude_agl_m":30.338001251220703,"heading_deg":0.0,"latitude_deg":32.9907659,"longitude_deg":-117.1282461,"pitch_deg":0.0,"roll_deg":0.0,"yaw_deg":0.0}