{"airspeed_m_s":0.0,"altitude_agl_m":60.61700439453125,"heading_deg":0.0,"latitude_deg":32.9905034,"longitude_deg":-117.12874289999999,"pitch_deg":0.0,"roll_deg":0.0,"yaw_deg":0.0}