{"airspeed_m_s":0.0,"altitude_agl_m":0.13600000739097595,"heading_deg":0.0,"latitude_deg":32.9907693,"longitude_deg":-117.1282485,"pitch_deg":0.0,"roll_deg":0.0,"yaw_deg":0.0}