{"airspeed_m_s":0.0,"altitude_agl_m":60.64400100708008,"heading_deg":0.0,"latitude_deg":32.9905726,"longitude_deg":-117.1287687,"pitch_deg":0.0,"roll_deg":0.0,"yaw_deg":0.0}