{"airspeed_m_s":0.0,"altitude_agl_m":20.657001495361328,"heading_deg":0.0,"latitude_deg":32.9907653,"longitude_deg":-117.1282457,"pitch_deg":0.0,"roll_deg":0.0,"yaw_deg":0.0}