{"airspeed_m_s":0.0,"altitude_agl_m":0.0990000069141388,"heading_deg":0.0,"latitude_deg":32.9907014,"longitude_deg":-117.12825959999999,"pitch_deg":0.0,"roll_deg":0.0,"yaw_deg":0.0}