{"airspeed_m_s":0.0,"altitude_agl_m":0.1990000158548355,"heading_deg":0.0,"latitude_deg":32.9906716,"longitude_deg":-117.1282464,"pitch_deg":0.0,"roll_deg":0.0,"yaw_deg":0.0}