{"airspeed_m_s":0.0,"altitude_agl_m":61.28300476074219,"heading_deg":0.0,"latitude_deg":32.990415299999995,"longitude_deg":-117.12821559999999,"pitch_deg":0.0,"roll_deg":0.0,"yaw_deg":0.0}