{"airspeed_m_s":0.0,"altitude_agl_m":74.79800415039063,"heading_deg":0.0,"latitude_deg":32.9908374,"longitude_deg":-117.12857679999999,"pitch_deg":0.0,"roll_deg":0.0,"yaw_deg":0.0}