{"airspeed_m_s":0.0,"altitude_agl_m":60.85100173950195,"heading_deg":0.0,"latitude_deg":32.9907093,"longitude_deg":-117.128604,"pitch_deg":0.0,"roll_deg":0.0,"yaw_deg":0.0}