{"airspeed_m_s":0.0,"altitude_agl_m":60.72700119018555,"heading_deg":0.0,"latitude_deg":32.9903993,"longitude_deg":-117.1286902,"pitch_deg":0.0,"roll_deg":0.0,"yaw_deg":0.0}