{"airspeed_m_s":0.0,"altitude_agl_m":49.95100402832031,"heading_deg":0.0,"latitude_deg":32.9907652,"longitude_deg":-117.12824549999999,"pitch_deg":0.0,"roll_deg":0.0,"yaw_deg":0.0}