{"airspeed_m_s":0.0,"altitude_agl_m":0.2580000162124634,"heading_deg":0.0,"latitude_deg":32.990701,"longitude_deg":-117.12826229999999,"pitch_deg":0.0,"roll_deg":0.0,"yaw_deg":0.0}