{"airspeed_m_s":0.0,"altitude_agl_m":60.84300231933594,"heading_deg":0.0,"latitude_deg":32.990687699999995,"longitude_deg":-117.1284907,"pitch_deg":0.0,"roll_deg":0.0,"yaw_deg":0.0}