{"airspeed_m_s":0.0,"altitude_agl_m":60.90500259399414,"heading_deg":0.0,"latitude_deg":32.9905404,"longitude_deg":-117.1280582,"pitch_deg":0.0,"roll_deg":0.0,"yaw_deg":0.0}