{"airspeed_m_s":0.0,"altitude_agl_m":60.66400146484375,"heading_deg":0.0,"latitude_deg":32.990623,"longitude_deg":-117.12869069999999,"pitch_deg":0.0,"roll_deg":0.0,"yaw_deg":0.0}