{"airspeed_m_s":0.0,"altitude_agl_m":42.652000427246094,"heading_deg":0.0,"latitude_deg":32.9907657,"longitude_deg":-117.12824579999999,"pitch_deg":0.0,"roll_deg":0.0,"yaw_deg":0.0}